gp1,gp2,θ
2.41772332742949,1.5084822877429087,4.517864261870973
